PDB,cys1_residue,cys2_residue,x1,x1_array,x2,x2_array,cys1_phi,cys1_psi,cys1_before_psi,cys2_phi,cys2_psi,cys1_ss_array,cys1_Ha,cys1_Hn,cys1_Ca,cys1_Cb,cys1_N,cys1_b_vdw,cys1_a_vdw,cys1_before Ca,cys1_after Ca,cys2_ss_array,cys2_Ha,cys2_Hn,cys2_Ca,cys2_Cb,cys2_N,cys1_b_residue_array,cys1_a_residue_array
1TOL,180,155,-60.0,"1,0.0,0.0",-60.0,"1,0.0,0.0",-56.51,-40.015,-44.115,-136.968,134.612,"1,0.0,0.0",-0.047,0.612,0.28,-3.068,-2.521,124,114,2.632,3.336,"0.0,1,0.0",0.458,0.03,0.679,7.863,1.362,"0.0,0.0,0.0,0.0,0.0,1,0.0","0.0,1,0.0,0.0,0.0,0.0,0.0"
1F5W,120,41,180.0,"0.0,1,0.0",180.0,"0.0,1,0.0",-98.383,120.513,127.894,-151.41,93.412,"0.0,1,0.0",-1.207,0.257,-2.566,3.523,8.025,114,135,-2.28,-1.222,"0.0,0.0,1",-0.442,0.135,-0.771,1.486,4.879,"0.0,1,0.0,0.0,0.0,0.0,0.0","1,0.0,0.0,0.0,0.0,0.0,0.0"
2ALP,58,42,-60.0,"1,0.0,0.0",-60.0,"1,0.0,0.0",-70.32,-29.061,-10.776,-147.875,-178.216,"1,0.0,0.0",-0.593,0.0683660130719,4.385,4.35,-2.069,118,48,1.292,-0.342,"0.0,1,0.0",-0.094,0.0683660130719,-0.33,12.83,1.483,"1,0.0,0.0,0.0,0.0,0.0,0.0","1,0.0,0.0,1,0.0,0.0,0.0"
2ALP,159,137,-60.0,"1,0.0,0.0",-60.0,"1,0.0,0.0",-123.443,158.563,145.897,-125.544,164.388,"0.0,1,0.0",0.637,0.0683660130719,0.423,7.513,-0.97,114,48,-2.587,0.958,"0.0,1,0.0",0.426,0.0683660130719,-0.219,8.661,2.447,"0.0,1,0.0,0.0,0.0,0.0,0.0","1,0.0,0.0,1,0.0,0.0,0.0"
1TPX,217,182,-60.0,"1,0.0,0.0",-60.0,"1,0.0,0.0",-68.884,-36.418,-35.175,-63.111,-39.897,"0.0,1,0.0",-0.318,0.959,3.775,0.997,1.225,124,124,4.049,5.151,"0.0,1,0.0",0.001,-0.131,2.604,-0.468,1.159,"0.0,0.0,0.0,0.0,0.0,0.0,1","0.0,0.0,0.0,0.0,0.0,1,0.0"
1QQY,80,65,-60.0,"1,0.0,0.0",-60.0,"1,0.0,0.0",-55.673,-33.788,135.039,-141.776,165.169,"1,0.0,0.0",-0.157,0.204,0.008,-3.171,3.834,124,73,-1.433,0.369195266272,"0.0,0.0,1",1.093,-0.906,-3.227,5.786,-6.4,"0.0,0.0,0.0,0.0,0.0,0.0,1","0.0,1,0.0,0.0,0.0,0.0,0.0"
1QQY,94,76,180.0,"0.0,1,0.0",60.0,"0.0,0.0,1",-70.462,-38.754,-39.373,-97.682,-0.579,"1,0.0,0.0",0.335,-0.133,-0.147,-5.581,-0.449,67,67,3.16,3.544,"0.0,0.0,1",-0.034,0.681,-0.497,-0.799,-4.901,"0.0,0.0,0.0,0.0,0.0,1,0.0","0.0,0.0,0.0,0.0,0.0,1,0.0"
1QQY,115,30,-60.0,"1,0.0,0.0",-60.0,"1,0.0,0.0",-119.191,-43.372,-8.747,-64.837,-37.349,"0.0,0.0,1",-0.277,-0.782,-0.524,4.93,-2.498,118,135,-0.633,1.472,"1,0.0,0.0",0.059,0.254,4.75,1.315,0.679,"1,0.0,0.0,0.0,0.0,0.0,0.0","1,0.0,0.0,0.0,0.0,0.0,0.0"
1L6X,321,261,180.0,"0.0,1,0.0",180.0,"0.0,1,0.0",-109.32,122.656,129.563,-106.846,112.108,"0.0,1,0.0",0.117532051282,0.339,4.617,-6.993,7.637,135,135,-2.144,-2.182,"0.0,1,0.0",0.117532051282,1.539,-2.688,2.381,10.195,"1,0.0,0.0,0.0,0.0,0.0,0.0","1,0.0,0.0,0.0,0.0,0.0,0.0"
1L6X,425,367,180.0,"0.0,1,0.0",180.0,"0.0,1,0.0",-101.03,118.25,135.763,-124.119,110.978,"0.0,1,0.0",0.117532051282,0.228,-3.73,-0.527,6.054,73,73,-1.174,-1.748,"0.0,1,0.0",0.117532051282,1.352,-2.636,0.725,8.848,"0.0,1,0.0,0.0,0.0,0.0,0.0","0.0,1,0.0,0.0,0.0,0.0,0.0"
1BR9,101,3,-60.0,"1,0.0,0.0",-60.0,"1,0.0,0.0",-84.339,-5.43,-16.738,-126.219,142.188,"0.0,0.0,1",0.041,-0.508,-2.093,1.42243786982,-4.137,124,91,1.311,1.17,"0.0,0.0,1",0.232,-0.209,-2.8,-0.149,1.344,"0.0,0.0,0.0,0.0,0.0,1,0.0","1,0.0,0.0,0.0,0.0,0.0,0.0"
1IEE,80,64,-60.0,"1,0.0,0.0",-60.0,"1,0.0,0.0",-58.426,-32.842,141.01,-134.529,162.213,"1,0.0,0.0",-0.735,-0.263,1.397,-2.53,1.30732121212,90,73,-1.101,2.684,"0.0,0.0,1",1.255,-0.926,-2.447,5.634,1.30732121212,"0.0,0.0,0.0,0.0,1,0.0,0.0","0.0,1,0.0,0.0,0.0,0.0,0.0"
1IEE,94,76,180.0,"0.0,1,0.0",60.0,"0.0,0.0,1",-71.163,-42.363,-41.758,-97.138,-2.195,"1,0.0,0.0",0.365,-0.345,0.201,-5.875,1.30732121212,96,67,2.877,3.624,"0.0,0.0,1",-0.129,0.988,0.349,-0.489,1.30732121212,"0.0,1,0.0,0.0,0.0,0.0,0.0","0.0,0.0,0.0,0.0,0.0,1,0.0"
1IEE,115,30,-60.0,"1,0.0,0.0",-60.0,"1,0.0,0.0",-112.826,-45.185,-19.913,-58.039,-45.207,"0.0,0.0,1",-0.11,-1.042,5.281,4.888,1.30732121212,148,135,-1.4,2.142,"1,0.0,0.0",-2.183,-0.502,5.356,1.751,1.30732121212,"1,0.0,0.0,0.0,0.0,0.0,0.0","1,0.0,0.0,0.0,0.0,0.0,0.0"
2J4T,79,25,-60.0,"1,0.0,0.0",-60.0,"1,0.0,0.0",-109.755,118.074,132.505,-69.06,-46.088,"0.0,1,0.0",0.974,0.361,-3.558,-2.399,6.848,93,93,0.753,-1.329,"1,0.0,0.0",-0.613,-0.485,4.48,-1.781,-1.93,"0.0,1,0.0,0.0,0.0,0.0,0.0","0.0,1,0.0,0.0,0.0,0.0,0.0"
2J4T,105,56,-60.0,"1,0.0,0.0",-60.0,"1,0.0,0.0",-119.586,148.941,137.418,-83.332,-9.125,"0.0,1,0.0",0.869,0.581,-0.348,8.224,2.894,67,109,-1.987,-0.66,"1,0.0,0.0",-0.476,-1.096,-2.22,-2.816,-6.752,"0.0,0.0,0.0,0.0,0.0,1,0.0","0.0,0.0,0.0,0.0,0.0,0.0,0.0"
1IWT,81,65,-60.0,"1,0.0,0.0",-60.0,"1,0.0,0.0",-60.1,-22.936,141.808,-140.764,156.064,"1,0.0,0.0",-0.758,0.064,1.313,-3.128,5.608,73,73,-1.018,2.99,"0.0,0.0,1",1.152,-1.074,-2.843,4.856,-6.868,"0.0,1,0.0,0.0,0.0,0.0,0.0","0.0,1,0.0,0.0,0.0,0.0,0.0"
1IWT,95,77,180.0,"0.0,1,0.0",60.0,"0.0,0.0,1",-70.204,-40.034,-41.119,-80.838,-4.846,"1,0.0,0.0",0.327,0.004,-0.62,-5.641,-0.756,67,67,3.556,3.956,"0.0,0.0,1",-0.213,1.101,0.476,-1.03,-5.254,"0.0,0.0,0.0,0.0,0.0,1,0.0","0.0,0.0,0.0,0.0,0.0,1,0.0"
1IWT,116,30,-60.0,"1,0.0,0.0",-60.0,"1,0.0,0.0",-130.442,-42.845,-12.362,-57.843,-41.319,"0.0,0.0,1",-0.282,-1.045,-0.973,3.504,-3.206,148,114,-1.528,1.535,"1,0.0,0.0",-1.762,-0.302,4.645,3.925,1.659,"1,0.0,0.0,0.0,0.0,0.0,0.0","0.0,1,0.0,0.0,0.0,0.0,0.0"
5PTI,38,14,60.0,"0.0,0.0,1",-60.0,"1,0.0,0.0",-141.276,159.454,-8.875,-87.411,156.37,"0.0,0.0,1",0.424,-0.432,-0.177,1.42243786982,-2.516,48,148,0.74,0.685,"0.0,0.0,1",0.099,0.235,4.969,5.026,2.858,"1,0.0,0.0,1,0.0,0.0,0.0","1,0.0,0.0,0.0,0.0,0.0,0.0"
5PTI,51,30,180.0,"0.0,1,0.0",-60.0,"1,0.0,0.0",-58.326,-51.725,-48.198,-91.314,131.864,"1,0.0,0.0",-2.848,-1.202,3.176,1.395,1.701,91,124,3.26,1.213,"0.0,1,0.0",1.12,0.002,2.14,8.452,0.97,"1,0.0,0.0,0.0,0.0,0.0,0.0","0.0,0.0,0.0,0.0,0.0,0.0,1"
5PTI,55,5,-60.0,"1,0.0,0.0",-60.0,"1,0.0,0.0",-112.546,-16.227,-43.132,-68.094,-18.44,"1,0.0,0.0",-0.09,-0.245,-1.347,1.578,-5.349,93,48,3.758,1.519,"1,0.0,0.0",-0.2,-0.97,2.21,-1.029,3.146,"0.0,1,0.0,0.0,0.0,0.0,0.0","1,0.0,0.0,1,0.0,0.0,0.0"
1OK3,113,66,180.0,"0.0,1,0.0",60.0,"0.0,0.0,1",-79.557,117.092,139.945,-77.444,167.777,"0.0,1,0.0",-0.836,0.19,-0.552,-2.76,7.126,93,124,-1.051,-0.391,"0.0,0.0,1",-0.147,0.353,5.481,2.331,2.465,"0.0,1,0.0,0.0,0.0,0.0,0.0","0.0,0.0,0.0,0.0,0.0,1,0.0"
1XAK,43,8,180.0,"0.0,1,0.0",60.0,"0.0,0.0,1",-68.299,119.451,133.977,-150.107,161.7,"0.0,0.0,1",-0.457,0.742,2.657,-0.34,2.781,93,93,1.046,-2.158,"0.0,1,0.0",0.386,0.618,-2.883,3.352,-1.241,"0.0,1,0.0,0.0,0.0,0.0,0.0","0.0,1,0.0,0.0,0.0,0.0,0.0"
2QYP,47,36,180.0,"0.0,1,0.0",-60.0,"1,0.0,0.0",-74.963,-46.887,-15.192,-72.432,-34.099,"1,0.0,0.0",-0.413,0.203,4.818,-2.906,-0.897,109,114,4.277,2.345,"1,0.0,0.0",-0.168,0.341,1.008,-2.711,-4.478,"0.0,0.0,0.0,0.0,0.0,0.0,0.0","0.0,1,0.0,0.0,0.0,0.0,0.0"
2QYP,72,8,-60.0,"1,0.0,0.0",-60.0,"1,0.0,0.0",-73.143,-25.109,-49.24,-59.407,-41.6,"1,0.0,0.0",-0.693,0.711,4.344,1.389,-4.857,105,73,5.258,2.358,"1,0.0,0.0",-0.756,-0.195,6.635,1.569,0.688,"0.0,0.0,0.0,0.0,0.0,1,0.0","0.0,1,0.0,0.0,0.0,0.0,0.0"
1M9Z,44,38,-60.0,"1,0.0,0.0",180.0,"0.0,1,0.0",-140.059,151.58,159.19,-59.392,117.608,"0.0,1,0.0",0.141,0.934,-2.177,5.824,-0.628,73,124,-0.993,-2.451,"0.0,0.0,1",-0.181,0.091,0.918,-0.146,2.635,"0.0,1,0.0,0.0,0.0,0.0,0.0","0.0,0.0,0.0,0.0,0.0,0.0,1"
1M9Z,48,31,180.0,"0.0,1,0.0",60.0,"0.0,0.0,1",-94.526,124.41,26.956,-97.592,2.23,"0.0,0.0,1",0.361,-0.199,-1.971,-3.297,-1.972,96,73,1.13,0.289,"0.0,0.0,1",0.291,0.131,5.233,-0.712,0.977,"0.0,1,0.0,0.0,0.0,0.0,0.0","0.0,1,0.0,0.0,0.0,0.0,0.0"
1M9Z,61,28,-60.0,"1,0.0,0.0",-60.0,"1,0.0,0.0",-87.393,146.079,171.553,-135.211,152.742,"0.0,1,0.0",0.518,-0.315,-2.932,-5.398,-5.438,105,105,-3.844,-1.905,"0.0,1,0.0",0.469,0.608,-3.391,2.153,0.901,"0.0,0.0,0.0,0.0,0.0,1,0.0","0.0,0.0,0.0,0.0,0.0,1,0.0"
1M9Z,78,54,-60.0,"1,0.0,0.0",-60.0,"1,0.0,0.0",-85.731,147.807,166.065,-60.468,143.112,"0.0,1,0.0",0.716,0.0683660130719,1.777,7.252,1.30732121212,105,118,-3.344,-0.325,"0.0,0.0,1",0.154,0.311,-2.399,-3.663,6.834,"0.0,0.0,0.0,0.0,0.0,1,0.0","1,0.0,0.0,0.0,0.0,0.0,0.0"
1M9Z,120,115,60.0,"0.0,0.0,1",60.0,"0.0,0.0,1",-69.59,-24.339,28.106,-168.734,160.538,"1,0.0,0.0",-0.074,-0.211,3.157,6.153,-1.815,109,96,2.092,-0.922,"0.0,1,0.0",0.675,0.284,-1.113,5.478,-10.002,"0.0,0.0,0.0,0.0,0.0,0.0,0.0","0.0,1,0.0,0.0,0.0,0.0,0.0"
2GMF,96,54,-60.0,"1,0.0,0.0",-60.0,"1,0.0,0.0",-113.961,81.387,74.564,55.77,33.213,"0.0,0.0,1",0.138,0.158,-2.867,1.02,3.192,73,67,-1.57,0.633,"0.0,0.0,1",-0.171,-0.01,-0.46,1.486,2.654,"0.0,1,0.0,0.0,0.0,0.0,0.0","0.0,0.0,0.0,0.0,0.0,1,0.0"
1KCQ,201,188,-60.0,"1,0.0,0.0",-60.0,"1,0.0,0.0",-121.089,136.813,131.826,-113.14,154.53,"0.0,1,0.0",0.797,-1.179,0.489,4.443,4.619,163,48,-1.06,0.091,"0.0,1,0.0",1.363,-0.49,1.878,8.454,-4.262,"0.0,0.0,0.0,0.0,0.0,0.0,1","1,0.0,0.0,1,0.0,0.0,0.0"
1BYF,111,96,-60.0,"1,0.0,0.0",-60.0,"1,0.0,0.0",-93.766,1.472,165.097,-117.263,155.108,"0.0,0.0,1",-0.033,0.0683660130719,3.447,6.341,2.006,48,48,0.673,0.309,"0.0,1,0.0",0.091,0.0683660130719,1.341,6.45,3.006,"1,0.0,0.0,1,0.0,0.0,0.0","1,0.0,0.0,1,0.0,0.0,0.0"
1DQE,54,19,180.0,"0.0,1,0.0",-60.0,"1,0.0,0.0",-58.731,-45.597,-44.262,-61.877,-34.809,"1,0.0,0.0",-0.479,0.334,3.589,4.312,1.739,124,124,3.628,3.444,"1,0.0,0.0",-0.443,0.039,3.868,0.796,-0.219,"0.0,0.0,0.0,0.0,0.0,0.0,1","0.0,0.0,0.0,0.0,0.0,1,0.0"
1DQE,117,97,180.0,"0.0,1,0.0",-60.0,"1,0.0,0.0",-70.063,-42.945,-34.872,-73.551,-27.31,"1,0.0,0.0",-0.337,-0.468,3.574,-5.419,4.155,93,135,5.061,2.845,"1,0.0,0.0",0.264,0.259,0.781,-2.201,3.949,"0.0,1,0.0,0.0,0.0,0.0,0.0","0.0,0.0,0.0,0.0,0.0,0.0,1"
2D1Z,342,323,-60.0,"1,0.0,0.0",-60.0,"1,0.0,0.0",-70.991,133.523,131.374,-95.14,151.371,"0.0,0.0,1",0.718,0.976,1.113,4.182,5.952,91,118,1.873,-1.148,"0.0,1,0.0",0.922,0.45,4.289,2.604,1.221,"1,0.0,0.0,0.0,0.0,0.0,0.0","1,0.0,0.0,0.0,0.0,0.0,0.0"
2D1Z,382,365,-60.0,"1,0.0,0.0",-60.0,"1,0.0,0.0",-67.114,133.19,138.476,-121.686,142.195,"0.0,0.0,1",0.436,0.03,0.268,2.728,5.158,73,163,2.618,-1.362,"0.0,1,0.0",0.755,0.888,3.497,1.002,1.608,"0.0,1,0.0,0.0,0.0,0.0,0.0","0.0,0.0,0.0,0.0,0.0,0.0,1"
2D1Z,425,406,-60.0,"1,0.0,0.0",-60.0,"1,0.0,0.0",-59.717,136.461,131.14,-90.806,149.407,"0.0,0.0,1",0.565,0.744,0.987,2.778,7.039,73,73,1.218,-1.446,"0.0,1,0.0",0.741,-0.23,4.847,2.409,0.695,"0.0,1,0.0,0.0,0.0,0.0,0.0","0.0,1,0.0,0.0,0.0,0.0,0.0"
2FD9,26,16,-60.0,"1,0.0,0.0",-60.0,"1,0.0,0.0",-70.99,-36.804,-46.827,-63.345,-38.611,"1,0.0,0.0",-0.092,-0.502,1.122,-2.525,-1.587,124,67,2.516,4.347,"1,0.0,0.0",-0.653,-0.302,3.242,-2.6,-0.831,"0.0,0.0,0.0,0.0,0.0,1,0.0","0.0,0.0,0.0,0.0,0.0,1,0.0"
2FD9,32,4,-60.0,"1,0.0,0.0",-60.0,"1,0.0,0.0",-69.937,157.896,1.546,-118.732,136.644,"0.0,0.0,1",0.415,-0.269,2.937,7.263,-0.203,48,124,0.458,-1.911,"0.0,0.0,1",0.732,0.668,-0.799,5.132,3.674,"1,0.0,0.0,1,0.0,0.0,0.0","0.0,0.0,0.0,0.0,0.0,1,0.0"
2FD9,40,3,-60.0,"1,0.0,0.0",-60.0,"1,0.0,0.0",-98.762,152.734,96.478,-120.957,124.433,"0.0,0.0,1",0.137,0.54,-0.472,0.515,4.681,93,90,-1.501,-0.097,"0.0,1,0.0",0.257,0.708,-1.865,0.962,6.253,"0.0,1,0.0,0.0,0.0,0.0,0.0","0.0,0.0,0.0,0.0,1,0.0,0.0"
3BPO,57,29,180.0,"0.0,1,0.0",180.0,"0.0,1,0.0",-110.838,82.264,53.024,79.373,38.583,"0.0,0.0,1",0.16,0.39,-3.411,-1.522,1.701,48,73,1.386,3.454,"1,0.0,0.0",-0.009,1.248,-2.571,-6.549,2.403,"1,0.0,0.0,1,0.0,0.0,0.0","0.0,1,0.0,0.0,0.0,0.0,0.0"
3BPO,71,45,180.0,"0.0,1,0.0",60.0,"0.0,0.0,1",-122.875,125.397,-5.485,-70.242,-44.891,"0.0,0.0,1",0.572,-0.79,-1.37,3.689,0.705,135,90,0.659,1.06,"0.0,0.0,1",-0.163,0.26,1.75,-0.231,-3.476,"0.0,0.0,0.0,0.0,0.0,0.0,1","0.0,0.0,0.0,0.0,1,0.0,0.0"
1ZLH,161,138,-60.0,"1,0.0,0.0",-60.0,"1,0.0,0.0",-70.456,129.188,132.295,-67.218,-59.118,"0.0,0.0,1",0.769,1.093,-0.275,-3.124,11.166,109,96,-1.344,0.369195266272,"0.0,0.0,1",-0.694,-0.233,3.515,-2.144,-0.317,"0.0,0.0,0.0,0.0,0.0,0.0,0.0","0.0,1,0.0,0.0,0.0,0.0,0.0"
1NCO,47,37,-60.0,"1,0.0,0.0",-60.0,"1,0.0,0.0",-109.769,169.214,122.769,-146.166,162.454,"0.0,1,0.0",1.036,0.901,1.083,7.801,2.233,67,96,-2.073,-1.575,"0.0,1,0.0",0.964,0.553,0.424,12.549,4.501,"0.0,0.0,0.0,0.0,0.0,1,0.0","0.0,1,0.0,0.0,0.0,0.0,0.0"
1NCO,93,88,-60.0,"1,0.0,0.0",180.0,"0.0,1,0.0",-85.575,149.287,81.709,-70.317,-7.027,"0.0,1,0.0",0.704,0.965,-1.466,2.552,5.487,67,114,-0.639,-1.712,"0.0,0.0,1",0.257,0.868,0.014,-1.763,3.665,"0.0,0.0,0.0,0.0,0.0,1,0.0","0.0,1,0.0,0.0,0.0,0.0,0.0"
1Y62,53,32,180.0,"0.0,1,0.0",-60.0,"1,0.0,0.0",-68.144,-40.585,-35.029,-84.21,112.239,"1,0.0,0.0",-2.611,-1.52,2.754,3.803,2.802,91,114,2.934,2.616,"0.0,1,0.0",0.588,0.423,1.436,3.806,3.588,"1,0.0,0.0,0.0,0.0,0.0,0.0","0.0,1,0.0,0.0,0.0,0.0,0.0"
1Z40,409,337,180.0,"0.0,1,0.0",60.0,"0.0,0.0,1",-107.334,118.887,134.63,-57.4,-52.285,"0.0,1,0.0",0.621,1.477,-2.302,-3.03,5.952,135,109,-2.526,-1.199,"1,0.0,0.0",-0.014,-0.881,-0.443,-1.247,-0.715,"1,0.0,0.0,0.0,0.0,0.0,0.0","0.0,0.0,0.0,0.0,0.0,0.0,0.0"
1Z40,418,320,60.0,"0.0,0.0,1",60.0,"0.0,0.0,1",-167.427,174.662,10.687,-86.113,110.637,"0.0,1,0.0",-0.413,-0.34,-0.745,4.697,-3.865,93,124,-2.804,0.8,"0.0,1,0.0",0.262,0.36,-1.3,-1.157,3.824,"0.0,1,0.0,0.0,0.0,0.0,0.0","0.0,0.0,0.0,0.0,0.0,1,0.0"
1FH9,199,167,60.0,"0.0,0.0,1",60.0,"0.0,0.0,1",-157.925,163.805,-13.159,-113.652,159.598,"0.0,1,0.0",0.117532051282,-0.092,-2.253,8.326,-1.763,91,105,0.684,-1.646,"0.0,1,0.0",0.117532051282,1.696,-3.661,-1.184,5.16,"1,0.0,0.0,0.0,0.0,0.0,0.0","0.0,0.0,0.0,0.0,0.0,1,0.0"
1FH9,267,261,180.0,"0.0,1,0.0",-60.0,"1,0.0,0.0",-82.693,109.908,9.162,-63.995,-45.738,"0.0,1,0.0",0.117532051282,-0.187,-0.121,4.311,4.55,148,114,0.021,0.562,"1,0.0,0.0",0.117532051282,-1.357,1.977,0.68,-5.152,"1,0.0,0.0,0.0,0.0,0.0,0.0","0.0,1,0.0,0.0,0.0,0.0,0.0"
1UUH,97,77,-60.0,"1,0.0,0.0",-60.0,"1,0.0,0.0",-127.855,124.345,-6.773,-122.31,29.512,"0.0,1,0.0",0.004,-0.993,-2.021,2.153,-1.63,124,67,0.008,0.71,"0.0,0.0,1",0.249,0.412,-0.022,6.818,-0.292,"0.0,0.0,0.0,0.0,0.0,1,0.0","0.0,0.0,0.0,0.0,0.0,1,0.0"
1UUH,118,53,-60.0,"1,0.0,0.0",-60.0,"1,0.0,0.0",-139.471,151.178,154.577,-59.623,-44.053,"0.0,1,0.0",0.712,0.107,-4.107,1.265,-4.487,141,135,-1.271,-1.556,"1,0.0,0.0",0.007,0.186,0.733,-7.802,-3.272,"0.0,0.0,0.0,0.0,0.0,0.0,1","0.0,0.0,0.0,0.0,0.0,0.0,1"
1KNL,35,16,-60.0,"1,0.0,0.0",-60.0,"1,0.0,0.0",-69.023,138.549,132.02,-99.923,151.229,"0.0,0.0,1",0.614,0.821,1.233,4.551,4.615,91,118,2.214,-1.11,"0.0,1,0.0",0.756,0.507,4.824,2.699,0.868,"1,0.0,0.0,0.0,0.0,0.0,0.0","1,0.0,0.0,0.0,0.0,0.0,0.0"
1KNL,75,58,-60.0,"1,0.0,0.0",-60.0,"1,0.0,0.0",-74.286,135.031,136.12,-107.695,141.257,"0.0,0.0,1",0.416,0.073,0.455,3.095,4.677,73,163,2.76,-1.253,"0.0,1,0.0",0.656,0.83,4.245,1.184,1.776,"0.0,1,0.0,0.0,0.0,0.0,0.0","0.0,0.0,0.0,0.0,0.0,0.0,1"
1KNL,118,99,-60.0,"1,0.0,0.0",-60.0,"1,0.0,0.0",-62.831,123.473,128.311,-91.422,143.633,"0.0,0.0,1",0.531,0.877,1.177,2.731,8.606,93,73,2.287,-1.056,"0.0,1,0.0",0.78,-0.068,4.999,2.622,0.494,"0.0,1,0.0,0.0,0.0,0.0,0.0","0.0,1,0.0,0.0,0.0,0.0,0.0"
1.00E+87,186,173,-60.0,"1,0.0,0.0",-60.0,"1,0.0,0.0",-57.51,-22.907,129.33,-129.694,145.815,"0.0,0.0,1",0.117532051282,-0.128,2.103,5.544,2.956,109,109,2.02,1.099,"0.0,1,0.0",0.117532051282,-0.912,3.765,7.675,-4.907,"0.0,0.0,0.0,0.0,0.0,0.0,0.0","0.0,0.0,0.0,0.0,0.0,0.0,0.0"
1.00E+87,194,113,-60.0,"1,0.0,0.0",-60.0,"1,0.0,0.0",-112.747,156.934,132.157,-59.662,-43.736,"0.0,1,0.0",0.117532051282,1.187,-3.63,0.273,2.527,124,96,-1.926,-0.105,"1,0.0,0.0",0.117532051282,0.285,0.782,-5.523,-0.439,"0.0,0.0,0.0,0.0,0.0,1,0.0","0.0,1,0.0,0.0,0.0,0.0,0.0"
1B88,90,23,180.0,"0.0,1,0.0",180.0,"0.0,1,0.0",-107.395,134.731,138.821,-144.461,146.2,"0.0,1,0.0",-1.424,-0.973,-2.968,3.221,3.368,135,67,-0.312,-2.276,"0.0,1,0.0",0.755,1.025,-1.161,2.803,5.86,"0.0,0.0,0.0,0.0,0.0,0.0,1","0.0,0.0,0.0,0.0,0.0,1,0.0"
2Z3Q,85,35,-60.0,"1,0.0,0.0",-60.0,"1,0.0,0.0",-83.074,118.369,140.958,-67.107,143.086,"0.0,0.0,1",-0.547,-0.134,-1.217,-2.2,7.247,109,105,-2.697,-3.535,"0.0,1,0.0",0.366,0.67,-0.228,-3.391,5.901,"0.0,0.0,0.0,0.0,0.0,0.0,0.0","0.0,0.0,0.0,0.0,0.0,1,0.0"
1N0S,115,8,180.0,"0.0,1,0.0",-60.0,"1,0.0,0.0",-135.297,139.184,144.714,-60.733,143.467,"0.0,1,0.0",0.568,0.422,0.311,4.167,1.583,73,148,-1.882,-1.772,"0.0,0.0,1",-1.361,0.083,1.491,1.287,1.229,"0.0,1,0.0,0.0,0.0,0.0,0.0","1,0.0,0.0,0.0,0.0,0.0,0.0"
1N0S,170,42,-60.0,"1,0.0,0.0",-60.0,"1,0.0,0.0",-91.012,-1.783,-33.827,-153.992,88.647,"1,0.0,0.0",0.154,-0.369,-1.757,2.493,-2.994,67,135,2.161,1.213,"0.0,0.0,1",0.337,0.843,1.455,1.42243786982,4.856,"0.0,0.0,0.0,0.0,0.0,1,0.0","1,0.0,0.0,0.0,0.0,0.0,0.0"
3EZM,22,8,-60.0,"1,0.0,0.0",-60.0,"1,0.0,0.0",-115.262,150.762,112.759,-134.534,167.521,"0.0,1,0.0",0.863,0.0683660130719,0.182,5.351,2.637,93,109,0.331,0.525,"0.0,1,0.0",1.245,0.0683660130719,0.761,9.148,-1.652,"0.0,1,0.0,0.0,0.0,0.0,0.0","0.0,0.0,0.0,0.0,0.0,0.0,0.0"
3EZM,73,58,-60.0,"1,0.0,0.0",-60.0,"1,0.0,0.0",-116.757,147.977,114.082,-124.367,151.809,"0.0,1,0.0",1.006,0.0683660130719,0.042,4.899,2.733,109,135,-1.71,0.313,"0.0,1,0.0",1.461,0.0683660130719,0.706,9.165,-3.167,"0.0,0.0,0.0,0.0,0.0,0.0,0.0","1,0.0,0.0,0.0,0.0,0.0,0.0"
1BEB,119,106,-60.0,"1,0.0,0.0",-60.0,"1,0.0,0.0",-123.583,154.217,128.17,-137.425,151.553,"0.0,1,0.0",0.117532051282,1.036,-0.635,9.312,2.511,105,114,-2.674,-0.429,"0.0,1,0.0",0.117532051282,1.19,-0.296,8.493,-0.464,"0.0,0.0,0.0,0.0,0.0,1,0.0","0.0,1,0.0,0.0,0.0,0.0,0.0"
1TN3,176,77,-60.0,"1,0.0,0.0",-60.0,"1,0.0,0.0",-95.265,151.224,128.177,-60.717,-50.868,"0.0,1,0.0",0.746,0.654,-3.797,-2.388,3.714,124,114,-1.057,-2.528,"1,0.0,0.0",-0.396,0.093,0.527,-7.133,-3.115,"0.0,0.0,0.0,0.0,0.0,1,0.0","0.0,1,0.0,0.0,0.0,0.0,0.0"
2E3W,84,26,-60.0,"1,0.0,0.0",-60.0,"1,0.0,0.0",-115.993,124.032,132.754,-64.736,-44.206,"0.0,1,0.0",1.348,0.186,-4.376,-2.302,4.295,91,148,-0.58,-1.806,"1,0.0,0.0",-0.692,-0.596,5.51,-1.229,-3.726,"1,0.0,0.0,0.0,0.0,0.0,0.0","1,0.0,0.0,0.0,0.0,0.0,0.0"
1M8N,111,98,180.0,"0.0,1,0.0",60.0,"0.0,0.0,1",-73.25,119.082,-20.632,-126.643,160.52,"0.0,0.0,1",0.301,-1.242,-0.242,-3.652,-2.321,67,135,0.306,-2.414,"0.0,0.0,1",0.521,-0.533,-1.216,8.068,-4.908,"0.0,0.0,0.0,0.0,0.0,1,0.0","1,0.0,0.0,0.0,0.0,0.0,0.0"
1M8N,116,93,-60.0,"1,0.0,0.0",-60.0,"1,0.0,0.0",-114.829,158.592,27.544,-65.035,136.936,"0.0,0.0,1",0.417,-0.343,-0.986,6.123,-3.187,48,73,0.941,-1.533,"0.0,1,0.0",0.497,-1.373,-1.536,-1.757,-1.137,"1,0.0,0.0,1,0.0,0.0,0.0","0.0,1,0.0,0.0,0.0,0.0,0.0"
2VPF,68,26,180.0,"0.0,1,0.0",60.0,"0.0,0.0,1",-85.888,113.662,146.933,-31.993,115.523,"0.0,1,0.0",0.096,0.0683660130719,-1.431,-5.088,4.256,109,105,-3.241,-3.447,"0.0,0.0,1",0.116,0.0683660130719,-0.069,-3.07,9.386,"0.0,0.0,0.0,0.0,0.0,0.0,0.0","0.0,0.0,0.0,0.0,0.0,1,0.0"
2VPF,102,57,-60.0,"1,0.0,0.0",-60.0,"1,0.0,0.0",-129.626,163.184,144.083,-56.789,139.208,"0.0,1,0.0",0.941,0.0683660130719,-1.772,7.64,3.282,135,109,-0.239,-1.402,"0.0,1,0.0",-0.316,0.0683660130719,1.427,-1.235,7.462,"1,0.0,0.0,0.0,0.0,0.0,0.0","0.0,0.0,0.0,0.0,0.0,0.0,0.0"
2VPF,104,61,-60.0,"1,0.0,0.0",-60.0,"1,0.0,0.0",-93.122,117.034,153.662,-101.503,-6.611,"0.0,1,0.0",0.664,0.0683660130719,1.319,5.288,2.231,109,148,-1.402,-1.967,"0.0,0.0,1",-0.064,0.0683660130719,-1.802,4.252,-1.802,"0.0,0.0,0.0,0.0,0.0,0.0,0.0","1,0.0,0.0,0.0,0.0,0.0,0.0"
1I1J,17,12,-60.0,"1,0.0,0.0",-60.0,"1,0.0,0.0",55.609,37.395,-5.503,-132.612,175.514,"0.0,0.0,1",0.061,0.0683660130719,2.785,5.389,2.453,109,73,-0.83,0.885,"0.0,1,0.0",0.44,0.0683660130719,-2.481,9.579,1.307,"0.0,0.0,0.0,0.0,0.0,0.0,0.0","0.0,1,0.0,0.0,0.0,0.0,0.0"
1EPF,77,22,180.0,"0.0,1,0.0",180.0,"0.0,1,0.0",-107.747,109.251,134.197,-92.25,115.289,"0.0,1,0.0",-0.105,0.7,-3.353,3.029,6.563,135,105,-1.804,-1.567,"0.0,1,0.0",0.589,1.353,-2.424,0.338,9.513,"1,0.0,0.0,0.0,0.0,0.0,0.0","0.0,0.0,0.0,0.0,0.0,1,0.0"
1OB1,193,133,180.0,"0.0,1,0.0",180.0,"0.0,1,0.0",-115.463,155.468,137.295,-74.698,152.842,"0.0,0.0,1",0.893,0.299,-3.744,-0.135,1.12,93,109,-1.271,-1.812,"0.0,0.0,1",-0.223,-0.439,-2.708,-4.163,-0.636,"0.0,1,0.0,0.0,0.0,0.0,0.0","0.0,0.0,0.0,0.0,0.0,0.0,0.0"
1UV0,137,120,-60.0,"1,0.0,0.0",-60.0,"1,0.0,0.0",-51.06,-30.747,112.911,-132.573,160.406,"0.0,0.0,1",-0.194,0.279,1.108,4.254,5.4,96,96,0.438,0.796,"0.0,1,0.0",0.454,0.224,3.483,6.633,0.812,"0.0,1,0.0,0.0,0.0,0.0,0.0","0.0,1,0.0,0.0,0.0,0.0,0.0"
1UV0,145,42,-60.0,"1,0.0,0.0",-60.0,"1,0.0,0.0",-105.348,147.867,132.276,-63.216,-33.504,"0.0,1,0.0",0.896,0.842,-4.277,-2.458,2.337,105,135,-3.114,-1.951,"1,0.0,0.0",-0.366,0.165,-1.139,-6.571,0.997,"0.0,0.0,0.0,0.0,0.0,1,0.0","1,0.0,0.0,0.0,0.0,0.0,0.0"
3RN3,72,65,-60.0,"1,0.0,0.0",60.0,"0.0,0.0,1",-100.446,151.488,33.477,-72.791,161.999,"0.0,1,0.0",1.187,-1.555,3.034,5.22,-3.476,96,141,-0.572,-1.326,"0.0,0.0,1",-0.046,0.381,-3.857,0.446,3.221,"0.0,1,0.0,0.0,0.0,0.0,0.0","0.0,0.0,0.0,0.0,0.0,0.0,1"
3RN3,84,26,-60.0,"1,0.0,0.0",-60.0,"1,0.0,0.0",-116.452,119.94,131.539,-61.619,-46.381,"0.0,1,0.0",1.348,0.166,-4.576,-1.449,4.587,91,148,-0.78,-2.006,"1,0.0,0.0",-0.652,-0.586,5.41,-0.576,-3.334,"1,0.0,0.0,0.0,0.0,0.0,0.0","1,0.0,0.0,0.0,0.0,0.0,0.0"
3RN3,95,40,-60.0,"1,0.0,0.0",-60.0,"1,0.0,0.0",-69.777,137.03,75.049,-82.378,110.388,"0.0,0.0,1",0.285,-0.625,-2.249,-1.202,3.754,96,67,-1.56,-0.543,"0.0,0.0,1",0.12,0.708,-3.349,-3.799,-0.181,"0.0,1,0.0,0.0,0.0,0.0,0.0","0.0,0.0,0.0,0.0,0.0,1,0.0"
2FX5,96,34,-60.0,"1,0.0,0.0",-60.0,"1,0.0,0.0",-69.701,-37.153,-36.625,-123.524,140.493,"1,0.0,0.0",0.117532051282,-0.797,2.538,0.379,-1.395,67,124,3.094,3.273,"0.0,1,0.0",0.117532051282,-1.108,-1.612,4.797,-2.461,"0.0,0.0,0.0,0.0,0.0,1,0.0","0.0,0.0,0.0,0.0,0.0,1,0.0"
1VAP,81,57,180.0,"0.0,1,0.0",-60.0,"1,0.0,0.0",-68.542,-43.864,-33.601,-165.65,169.01,"1,0.0,0.0",-0.246,-0.635,5.629,-0.514,2.779,90,135,3.068,5.106,"0.0,0.0,1",0.261,-0.722,1.231,-4.168,-4.485,"0.0,0.0,0.0,0.0,1,0.0,0.0","1,0.0,0.0,0.0,0.0,0.0,0.0"
1VAP,86,75,180.0,"0.0,1,0.0",-60.0,"1,0.0,0.0",-56.811,-45.522,-46.163,-92.381,111.102,"1,0.0,0.0",-1.95,-1.169,4.601,-1.663,-0.966,124,109,5.637,2.988,"0.0,1,0.0",0.256,0.559,0.492,-0.008,8.222,"0.0,0.0,0.0,0.0,0.0,1,0.0","0.0,0.0,0.0,0.0,0.0,0.0,0.0"
1VAP,88,50,-60.0,"1,0.0,0.0",-60.0,"1,0.0,0.0",-62.431,-54.438,-43.591,-58.193,-47.367,"1,0.0,0.0",-0.026,-0.178,0.418,-4.342,-0.266,109,91,2.988,3.861,"1,0.0,0.0",-0.627,0.13,6.001,-3.968,3.63,"0.0,0.0,0.0,0.0,0.0,0.0,0.0","1,0.0,0.0,0.0,0.0,0.0,0.0"
1VAP,95,43,180.0,"0.0,1,0.0",-60.0,"1,0.0,0.0",-63.269,-38.613,-41.284,-56.831,-43.546,"1,0.0,0.0",-0.443,-0.596,5.368,-4.898,0.869,124,135,4.546,0.386,"1,0.0,0.0",-0.341,0.138,1.513,-3.39,1.468,"0.0,0.0,0.0,0.0,0.0,1,0.0","0.0,0.0,0.0,0.0,0.0,0.0,1"
1TOL,155,180,180.0,"0.0,1,0.0",60.0,"0.0,0.0,1",-136.968,134.612,150.165,-56.51,-40.015,"0.0,1,0.0",0.458,0.03,0.679,7.863,1.362,93,93,-1.644,-0.049,"0.0,1,0.0",-0.047,0.612,0.28,-3.068,-2.521,"0.0,1,0.0,0.0,0.0,0.0,0.0","0.0,1,0.0,0.0,0.0,0.0,0.0"
1F5W,41,120,180.0,"0.0,1,0.0",180.0,"0.0,1,0.0",-151.41,93.412,139.768,-98.383,120.513,"0.0,0.0,1",-0.442,0.135,-0.771,1.486,4.879,90,135,-1.584,-1.288,"0.0,0.0,1",-1.207,0.257,-2.566,3.523,8.025,"0.0,0.0,0.0,0.0,1,0.0,0.0","1,0.0,0.0,0.0,0.0,0.0,0.0"
2ALP,42,58,-60.0,"1,0.0,0.0",180.0,"0.0,1,0.0",-147.875,-178.216,146.713,-70.32,-29.061,"0.0,1,0.0",-0.094,0.0683660130719,-0.33,12.83,1.483,124,73,-1.129,-0.921,"0.0,1,0.0",-0.593,0.0683660130719,4.385,4.35,-2.069,"0.0,0.0,0.0,0.0,0.0,1,0.0","0.0,1,0.0,0.0,0.0,0.0,0.0"
2ALP,137,159,-60.0,"1,0.0,0.0",-60.0,"1,0.0,0.0",-125.544,164.388,152.995,-123.443,158.563,"0.0,1,0.0",0.426,0.0683660130719,-0.219,8.661,2.447,105,148,-1.425,-3.084,"0.0,1,0.0",0.637,0.0683660130719,0.423,7.513,-0.97,"0.0,0.0,0.0,0.0,0.0,1,0.0","1,0.0,0.0,0.0,0.0,0.0,0.0"
1TPX,182,217,180.0,"0.0,1,0.0",-60.0,"1,0.0,0.0",-63.111,-39.897,-42.605,-68.884,-36.418,"0.0,1,0.0",0.001,-0.131,2.604,-0.468,1.159,91,105,2.899,3.445,"0.0,1,0.0",-0.318,0.959,3.775,0.997,1.225,"1,0.0,0.0,0.0,0.0,0.0,0.0","0.0,0.0,0.0,0.0,0.0,1,0.0"
1QQY,65,80,60.0,"0.0,0.0,1",60.0,"0.0,0.0,1",-141.776,165.169,-31.866,-55.673,-33.788,"0.0,0.0,1",1.093,-0.906,-3.227,5.786,-6.4,163,135,1.829,-1.086,"0.0,0.0,1",-0.157,0.204,0.008,-3.171,3.834,"0.0,0.0,0.0,0.0,0.0,0.0,1","1,0.0,0.0,0.0,0.0,0.0,0.0"
1QQY,76,94,-60.0,"1,0.0,0.0",180.0,"0.0,1,0.0",-97.682,-0.579,-19.68,-70.462,-38.754,"0.0,0.0,1",-0.034,0.681,-0.497,-0.799,-4.901,67,96,3.059,-0.058,"0.0,0.0,1",0.335,-0.133,-0.147,-5.581,-0.449,"0.0,0.0,0.0,0.0,0.0,1,0.0","0.0,1,0.0,0.0,0.0,0.0,0.0"
1QQY,30,115,180.0,"0.0,1,0.0",-60.0,"1,0.0,0.0",-64.837,-37.349,-39.439,-119.191,-43.372,"1,0.0,0.0",0.059,0.254,4.75,1.315,0.679,105,124,4.102,5.331,"1,0.0,0.0",-0.277,-0.782,-0.524,4.93,-2.498,"0.0,0.0,0.0,0.0,0.0,1,0.0","0.0,0.0,0.0,0.0,0.0,0.0,1"
1L6X,261,321,180.0,"0.0,1,0.0",180.0,"0.0,1,0.0",-106.846,112.108,125.068,-109.32,122.656,"0.0,1,0.0",0.117532051282,1.539,-2.688,2.381,10.195,93,105,-0.085,-0.883,"0.0,1,0.0",0.117532051282,0.339,4.617,-6.993,7.637,"0.0,1,0.0,0.0,0.0,0.0,0.0","0.0,0.0,0.0,0.0,0.0,1,0.0"
1L6X,367,425,180.0,"0.0,1,0.0",180.0,"0.0,1,0.0",-124.119,110.978,136.128,-101.03,118.25,"0.0,1,0.0",0.117532051282,1.352,-2.636,0.725,8.848,93,124,0.347,-1.218,"0.0,1,0.0",0.117532051282,0.228,-3.73,-0.527,6.054,"0.0,1,0.0,0.0,0.0,0.0,0.0","0.0,0.0,0.0,0.0,0.0,1,0.0"
1BR9,3,101,-60.0,"1,0.0,0.0",-60.0,"1,0.0,0.0",-126.219,142.188,134.684,-84.339,-5.43,"0.0,0.0,1",0.232,-0.209,-2.8,-0.149,1.344,73,73,-0.96,-0.688,"0.0,0.0,1",0.041,-0.508,-2.093,1.42243786982,-4.137,"0.0,1,0.0,0.0,0.0,0.0,0.0","0.0,1,0.0,0.0,0.0,0.0,0.0"
1IEE,64,80,60.0,"0.0,0.0,1",60.0,"0.0,0.0,1",-134.529,162.213,-33.924,-58.426,-32.842,"0.0,0.0,1",1.255,-0.926,-2.447,5.634,1.30732121212,163,96,2.659,-1.502,"0.0,0.0,1",-0.735,-0.263,1.397,-2.53,1.30732121212,"0.0,0.0,0.0,0.0,0.0,0.0,1","0.0,1,0.0,0.0,0.0,0.0,0.0"
1IEE,76,94,-60.0,"1,0.0,0.0",180.0,"0.0,1,0.0",-97.138,-2.195,-12.404,-71.163,-42.363,"0.0,0.0,1",-0.129,0.988,0.349,-0.489,1.30732121212,124,96,3.66,0.472,"0.0,0.0,1",0.365,-0.345,0.201,-5.875,1.30732121212,"0.0,0.0,0.0,0.0,0.0,1,0.0","0.0,1,0.0,0.0,0.0,0.0,0.0"
1IEE,30,115,180.0,"0.0,1,0.0",-60.0,"1,0.0,0.0",-58.039,-45.207,-44.657,-112.826,-45.185,"1,0.0,0.0",-2.183,-0.502,5.356,1.751,1.30732121212,105,67,4.432,3.724,"1,0.0,0.0",-0.11,-1.042,5.281,4.888,1.30732121212,"0.0,0.0,0.0,0.0,0.0,1,0.0","0.0,0.0,0.0,0.0,0.0,1,0.0"
2J4T,25,79,-60.0,"1,0.0,0.0",-60.0,"1,0.0,0.0",-69.06,-46.088,-39.753,-109.755,118.074,"1,0.0,0.0",-0.613,-0.485,4.48,-1.781,-1.93,141,109,3.157,3.643,"1,0.0,0.0",0.974,0.361,-3.558,-2.399,6.848,"0.0,0.0,0.0,0.0,0.0,0.0,1","0.0,0.0,0.0,0.0,0.0,0.0,0.0"
2J4T,56,105,-60.0,"1,0.0,0.0",-60.0,"1,0.0,0.0",-83.332,-9.125,-21.769,-119.586,148.941,"1,0.0,0.0",-0.476,-1.096,-2.22,-2.816,-6.752,124,48,2.78,-0.582,"1,0.0,0.0",0.869,0.581,-0.348,8.224,2.894,"0.0,0.0,0.0,0.0,0.0,1,0.0","1,0.0,0.0,1,0.0,0.0,0.0"
1IWT,65,81,60.0,"0.0,0.0,1",60.0,"0.0,0.0,1",-140.764,156.064,-36.692,-60.1,-22.936,"0.0,0.0,1",1.152,-1.074,-2.843,4.856,-6.868,163,96,1.783,-2.002,"0.0,0.0,1",-0.758,0.064,1.313,-3.128,5.608,"0.0,0.0,0.0,0.0,0.0,0.0,1","0.0,1,0.0,0.0,0.0,0.0,0.0"
1IWT,77,95,-60.0,"1,0.0,0.0",180.0,"0.0,1,0.0",-80.838,-4.846,-24.75,-70.204,-40.034,"0.0,0.0,1",-0.213,1.101,0.476,-1.03,-5.254,67,118,2.953,-0.381,"0.0,0.0,1",0.327,0.004,-0.62,-5.641,-0.756,"0.0,0.0,0.0,0.0,0.0,1,0.0","1,0.0,0.0,0.0,0.0,0.0,0.0"
1IWT,30,116,180.0,"0.0,1,0.0",-60.0,"1,0.0,0.0",-57.843,-41.319,-49.117,-130.442,-42.845,"1,0.0,0.0",-1.762,-0.302,4.645,3.925,1.659,124,124,0.09,4.258,"1,0.0,0.0",-0.282,-1.045,-0.973,3.504,-3.206,"0.0,0.0,0.0,0.0,0.0,0.0,1","0.0,0.0,0.0,0.0,0.0,1,0.0"
5PTI,14,38,-60.0,"1,0.0,0.0",60.0,"0.0,0.0,1",-87.411,156.37,-5.539,-141.276,159.454,"0.0,0.0,1",0.099,0.235,4.969,5.026,2.858,90,135,1.838,0.036,"0.0,0.0,1",0.424,-0.432,-0.177,1.42243786982,-2.516,"0.0,0.0,0.0,0.0,1,0.0,0.0","1,0.0,0.0,0.0,0.0,0.0,0.0"
5PTI,30,51,-60.0,"1,0.0,0.0",-60.0,"1,0.0,0.0",-91.314,131.864,158.59,-58.326,-51.725,"0.0,1,0.0",1.12,0.002,2.14,8.452,0.97,124,114,-3.01,-1.862,"0.0,1,0.0",-2.848,-1.202,3.176,1.395,1.701,"0.0,0.0,0.0,0.0,0.0,1,0.0","0.0,1,0.0,0.0,0.0,0.0,0.0"
5PTI,5,55,-60.0,"1,0.0,0.0",-60.0,"1,0.0,0.0",-68.094,-18.44,-16.497,-112.546,-16.227,"1,0.0,0.0",-0.2,-0.97,2.21,-1.029,3.146,135,124,1.3,-0.196,"1,0.0,0.0",-0.09,-0.245,-1.347,1.578,-5.349,"0.0,0.0,0.0,0.0,0.0,0.0,1","0.0,0.0,0.0,0.0,0.0,1,0.0"
1OK3,66,113,-60.0,"1,0.0,0.0",60.0,"0.0,0.0,1",-77.444,167.777,163.639,-79.557,117.092,"0.0,0.0,1",-0.147,0.353,5.481,2.331,2.465,73,109,-2.398,-0.619,"0.0,0.0,1",-0.836,0.19,-0.552,-2.76,7.126,"0.0,1,0.0,0.0,0.0,0.0,0.0","0.0,0.0,0.0,0.0,0.0,0.0,0.0"
1XAK,8,43,60.0,"0.0,0.0,1",60.0,"0.0,0.0,1",-150.107,161.7,153.119,-68.299,119.451,"0.0,1,0.0",0.386,0.618,-2.883,3.352,-1.241,109,105,-1.759,0.092,"0.0,1,0.0",-0.457,0.742,2.657,-0.34,2.781,"0.0,0.0,0.0,0.0,0.0,0.0,0.0","0.0,0.0,0.0,0.0,0.0,1,0.0"
2QYP,36,47,-60.0,"1,0.0,0.0",-60.0,"1,0.0,0.0",-72.432,-34.099,-36.786,-74.963,-46.887,"1,0.0,0.0",-0.168,0.341,1.008,-2.711,-4.478,124,73,4.664,2.044,"1,0.0,0.0",-0.413,0.203,4.818,-2.906,-0.897,"0.0,0.0,0.0,0.0,0.0,0.0,1","0.0,1,0.0,0.0,0.0,0.0,0.0"
2QYP,8,72,180.0,"0.0,1,0.0",-60.0,"1,0.0,0.0",-59.407,-41.6,-43.695,-73.143,-25.109,"1,0.0,0.0",-0.756,-0.195,6.635,1.569,0.688,105,109,3.866,3.352,"1,0.0,0.0",-0.693,0.711,4.344,1.389,-4.857,"0.0,0.0,0.0,0.0,0.0,1,0.0","0.0,0.0,0.0,0.0,0.0,0.0,0.0"
1M9Z,38,44,180.0,"0.0,1,0.0",60.0,"0.0,0.0,1",-59.392,117.608,1.138,-140.059,151.58,"0.0,0.0,1",-0.181,0.091,0.918,-0.146,2.635,93,91,-1.714,-0.891,"0.0,0.0,1",0.141,0.934,-2.177,5.824,-0.628,"0.0,1,0.0,0.0,0.0,0.0,0.0","1,0.0,0.0,0.0,0.0,0.0,0.0"
1M9Z,31,48,-60.0,"1,0.0,0.0",60.0,"0.0,0.0,1",-97.592,2.23,65.595,-94.526,124.41,"0.0,0.0,1",0.291,0.131,5.233,-0.712,0.977,135,91,-3.613,3.241,"0.0,0.0,1",0.361,-0.199,-1.971,-3.297,-1.972,"0.0,0.0,0.0,0.0,0.0,0.0,1","1,0.0,0.0,0.0,0.0,0.0,0.0"
1M9Z,28,61,-60.0,"1,0.0,0.0",-60.0,"1,0.0,0.0",-135.211,152.742,123.953,-87.393,146.079,"0.0,1,0.0",0.469,0.608,-3.391,2.153,0.901,124,135,-0.84,-1.388,"0.0,1,0.0",0.518,-0.315,-2.932,-5.398,-5.438,"0.0,0.0,0.0,0.0,0.0,1,0.0","1,0.0,0.0,0.0,0.0,0.0,0.0"
1M9Z,54,78,-60.0,"1,0.0,0.0",-60.0,"1,0.0,0.0",-60.468,143.112,119.696,-85.731,147.807,"0.0,0.0,1",0.154,0.311,-2.399,-3.663,6.834,124,109,-0.478,2.826,"0.0,0.0,1",0.716,0.0683660130719,1.777,7.252,1.30732121212,"0.0,0.0,0.0,0.0,0.0,1,0.0","0.0,0.0,0.0,0.0,0.0,0.0,0.0"
1M9Z,115,120,60.0,"0.0,0.0,1",60.0,"0.0,0.0,1",-168.734,160.538,165.024,-69.59,-24.339,"0.0,1,0.0",0.675,0.284,-1.113,5.478,-10.002,73,73,-0.8,-1.518,"0.0,1,0.0",-0.074,-0.211,3.157,6.153,-1.815,"0.0,1,0.0,0.0,0.0,0.0,0.0","0.0,1,0.0,0.0,0.0,0.0,0.0"
2GMF,54,96,-60.0,"1,0.0,0.0",-60.0,"1,0.0,0.0",55.77,33.213,153.954,-113.961,81.387,"0.0,0.0,1",-0.171,-0.01,-0.46,1.486,2.654,93,124,-0.755,2.067,"0.0,0.0,1",0.138,0.158,-2.867,1.02,3.192,"0.0,1,0.0,0.0,0.0,0.0,0.0","0.0,0.0,0.0,0.0,0.0,1,0.0"
1KCQ,188,201,-60.0,"1,0.0,0.0",-60.0,"1,0.0,0.0",-113.14,154.53,-176.957,-121.089,136.813,"0.0,1,0.0",1.363,-0.49,1.878,8.454,-4.262,91,135,-1.116,-0.991,"0.0,1,0.0",0.797,-1.179,0.489,4.443,4.619,"1,0.0,0.0,0.0,0.0,0.0,0.0","0.0,0.0,0.0,0.0,0.0,0.0,1"
1BYF,96,111,-60.0,"1,0.0,0.0",60.0,"0.0,0.0,1",-117.263,155.108,135.403,-93.766,1.472,"0.0,1,0.0",0.091,0.0683660130719,1.341,6.45,3.006,124,105,-1.467,-0.794,"0.0,1,0.0",-0.033,0.0683660130719,3.447,6.341,2.006,"0.0,0.0,0.0,0.0,0.0,1,0.0","0.0,0.0,0.0,0.0,0.0,1,0.0"
1DQE,19,54,-60.0,"1,0.0,0.0",-60.0,"1,0.0,0.0",-61.877,-34.809,-47.235,-58.731,-45.597,"1,0.0,0.0",-0.443,0.039,3.868,0.796,-0.219,109,135,2.943,3.764,"1,0.0,0.0",-0.479,0.334,3.589,4.312,1.739,"0.0,0.0,0.0,0.0,0.0,0.0,0.0","1,0.0,0.0,0.0,0.0,0.0,0.0"
1DQE,97,117,-60.0,"1,0.0,0.0",-60.0,"1,0.0,0.0",-73.551,-27.31,-42.078,-70.063,-42.945,"1,0.0,0.0",0.264,0.259,0.781,-2.201,3.949,48,109,2.264,2.877,"1,0.0,0.0",-0.337,-0.468,3.574,-5.419,4.155,"1,0.0,0.0,1,0.0,0.0,0.0","0.0,0.0,0.0,0.0,0.0,0.0,0.0"
2D1Z,323,342,-60.0,"1,0.0,0.0",60.0,"0.0,0.0,1",-95.14,151.371,158.541,-70.991,133.523,"0.0,1,0.0",0.922,0.45,4.289,2.604,1.221,148,124,-0.22,1.026,"0.0,1,0.0",0.718,0.976,1.113,4.182,5.952,"1,0.0,0.0,0.0,0.0,0.0,0.0","0.0,0.0,0.0,0.0,0.0,1,0.0"
2D1Z,365,382,-60.0,"1,0.0,0.0",60.0,"0.0,0.0,1",-121.686,142.195,146.856,-67.114,133.19,"0.0,1,0.0",0.755,0.888,3.497,1.002,1.608,135,124,-2.928,1.226,"0.0,1,0.0",0.436,0.03,0.268,2.728,5.158,"1,0.0,0.0,0.0,0.0,0.0,0.0","0.0,0.0,0.0,0.0,0.0,1,0.0"
2D1Z,406,425,-60.0,"1,0.0,0.0",60.0,"0.0,0.0,1",-90.806,149.407,156.156,-59.717,136.461,"0.0,1,0.0",0.741,-0.23,4.847,2.409,0.695,124,124,-1.65,1.326,"0.0,1,0.0",0.565,0.744,0.987,2.778,7.039,"0.0,0.0,0.0,0.0,0.0,1,0.0","0.0,0.0,0.0,0.0,0.0,1,0.0"
2FD9,16,26,180.0,"0.0,1,0.0",-60.0,"1,0.0,0.0",-63.345,-38.611,-41.083,-70.99,-36.804,"1,0.0,0.0",-0.653,-0.302,3.242,-2.6,-0.831,105,148,4.372,0.29,"1,0.0,0.0",-0.092,-0.502,1.122,-2.525,-1.587,"0.0,0.0,0.0,0.0,0.0,1,0.0","1,0.0,0.0,0.0,0.0,0.0,0.0"
2FD9,4,32,-60.0,"1,0.0,0.0",-60.0,"1,0.0,0.0",-118.732,136.644,124.433,-69.937,157.896,"0.0,0.0,1",0.732,0.668,-0.799,5.132,3.674,86,90,-1.865,1.619,"0.0,0.0,1",0.415,-0.269,2.937,7.263,-0.203,"0.0,0.0,1,0.0,0.0,0.0,0.0","0.0,0.0,0.0,0.0,1,0.0,0.0"
2FD9,3,40,-60.0,"1,0.0,0.0",-60.0,"1,0.0,0.0",-120.957,124.433,129.511,-98.762,152.734,"0.0,1,0.0",0.257,0.708,-1.865,0.962,6.253,93,86,-0.613,-0.799,"0.0,1,0.0",0.137,0.54,-0.472,0.515,4.681,"0.0,1,0.0,0.0,0.0,0.0,0.0","0.0,0.0,1,0.0,0.0,0.0,0.0"
3BPO,29,57,-60.0,"1,0.0,0.0",-60.0,"1,0.0,0.0",79.373,38.583,118.327,-110.838,82.264,"1,0.0,0.0",-0.009,1.248,-2.571,-6.549,2.403,124,96,0.988,1.723,"1,0.0,0.0",0.16,0.39,-3.411,-1.522,1.701,"0.0,0.0,0.0,0.0,0.0,1,0.0","0.0,1,0.0,0.0,0.0,0.0,0.0"
3BPO,45,71,-60.0,"1,0.0,0.0",-60.0,"1,0.0,0.0",-70.242,-44.891,-11.488,-122.875,125.397,"0.0,0.0,1",-0.163,0.26,1.75,-0.231,-3.476,141,67,4.537,3.204,"0.0,0.0,1",0.572,-0.79,-1.37,3.689,0.705,"0.0,0.0,0.0,0.0,0.0,0.0,1","0.0,0.0,0.0,0.0,0.0,1,0.0"
1ZLH,138,161,-60.0,"1,0.0,0.0",180.0,"0.0,1,0.0",-67.218,-59.118,178.712,-70.456,129.188,"0.0,0.0,1",-0.694,-0.233,3.515,-2.144,-0.317,48,135,0.931,2.639,"0.0,0.0,1",0.769,1.093,-0.275,-3.124,11.166,"1,0.0,0.0,1,0.0,0.0,0.0","1,0.0,0.0,0.0,0.0,0.0,0.0"
1NCO,37,47,-60.0,"1,0.0,0.0",-60.0,"1,0.0,0.0",-146.166,162.454,135.88,-109.769,169.214,"0.0,1,0.0",0.964,0.553,0.424,12.549,4.501,114,67,-2.359,-0.767,"0.0,1,0.0",1.036,0.901,1.083,7.801,2.233,"0.0,1,0.0,0.0,0.0,0.0,0.0","0.0,0.0,0.0,0.0,0.0,1,0.0"
1NCO,88,93,-60.0,"1,0.0,0.0",-60.0,"1,0.0,0.0",-70.317,-7.027,109.722,-85.575,149.287,"0.0,0.0,1",0.257,0.868,0.014,-1.763,3.665,91,93,-2.101,2.215,"0.0,0.0,1",0.704,0.965,-1.466,2.552,5.487,"1,0.0,0.0,0.0,0.0,0.0,0.0","0.0,1,0.0,0.0,0.0,0.0,0.0"
1Y62,32,53,-60.0,"1,0.0,0.0",-60.0,"1,0.0,0.0",-84.21,112.239,151.701,-68.144,-40.585,"0.0,1,0.0",0.588,0.423,1.436,3.806,3.588,114,124,-1.719,-1.664,"0.0,1,0.0",-2.611,-1.52,2.754,3.803,2.802,"0.0,1,0.0,0.0,0.0,0.0,0.0","0.0,0.0,0.0,0.0,0.0,1,0.0"
1Z40,337,409,180.0,"0.0,1,0.0",60.0,"0.0,0.0,1",-57.4,-52.285,-42.563,-107.334,118.887,"1,0.0,0.0",-0.014,-0.881,-0.443,-1.247,-0.715,109,96,2.292,0.369195266272,"1,0.0,0.0",0.621,1.477,-2.302,-3.03,5.952,"0.0,0.0,0.0,0.0,0.0,0.0,0.0","0.0,1,0.0,0.0,0.0,0.0,0.0"
1Z40,320,418,180.0,"0.0,1,0.0",60.0,"0.0,0.0,1",-86.113,110.637,144.847,-167.427,174.662,"0.0,1,0.0",0.262,0.36,-1.3,-1.157,3.824,96,109,-2.098,-2.173,"0.0,1,0.0",-0.413,-0.34,-0.745,4.697,-3.865,"0.0,1,0.0,0.0,0.0,0.0,0.0","0.0,0.0,0.0,0.0,0.0,0.0,0.0"
1FH9,167,199,-60.0,"1,0.0,0.0",-60.0,"1,0.0,0.0",-113.652,159.598,116.572,-157.925,163.805,"0.0,1,0.0",0.117532051282,1.696,-3.661,-1.184,5.16,124,124,-0.512,-2.7,"0.0,1,0.0",0.117532051282,-0.092,-2.253,8.326,-1.763,"0.0,0.0,0.0,0.0,0.0,1,0.0","0.0,0.0,0.0,0.0,0.0,1,0.0"
1FH9,261,267,180.0,"0.0,1,0.0",60.0,"0.0,0.0,1",-63.995,-45.738,-43.125,-82.693,109.908,"1,0.0,0.0",0.117532051282,-1.357,1.977,0.68,-5.152,67,124,3.333,0.365,"1,0.0,0.0",0.117532051282,-0.187,-0.121,4.311,4.55,"0.0,0.0,0.0,0.0,0.0,1,0.0","0.0,0.0,0.0,0.0,0.0,0.0,1"
1UUH,77,97,180.0,"0.0,1,0.0",60.0,"0.0,0.0,1",-122.31,29.512,175.93,-127.855,124.345,"0.0,0.0,1",0.249,0.412,-0.022,6.818,-0.292,93,148,-3.451,-3.23,"0.0,0.0,1",0.004,-0.993,-2.021,2.153,-1.63,"0.0,1,0.0,0.0,0.0,0.0,0.0","1,0.0,0.0,0.0,0.0,0.0,0.0"
1UUH,53,118,-60.0,"1,0.0,0.0",-60.0,"1,0.0,0.0",-59.623,-44.053,-46.992,-139.471,151.178,"1,0.0,0.0",0.007,0.186,0.733,-7.802,-3.272,124,135,2.89,4.003,"1,0.0,0.0",0.712,0.107,-4.107,1.265,-4.487,"0.0,0.0,0.0,0.0,0.0,1,0.0","1,0.0,0.0,0.0,0.0,0.0,0.0"
1KNL,16,35,-60.0,"1,0.0,0.0",60.0,"0.0,0.0,1",-99.923,151.229,157.449,-69.023,138.549,"0.0,1,0.0",0.756,0.507,4.824,2.699,0.868,148,124,0.119,1.326,"0.0,1,0.0",0.614,0.821,1.233,4.551,4.615,"1,0.0,0.0,0.0,0.0,0.0,0.0","0.0,0.0,0.0,0.0,0.0,1,0.0"
1KNL,58,75,-60.0,"1,0.0,0.0",60.0,"0.0,0.0,1",-107.695,141.257,140.453,-74.286,135.031,"0.0,1,0.0",0.656,0.83,4.245,1.184,1.776,135,124,-2.726,1.844,"0.0,1,0.0",0.416,0.073,0.455,3.095,4.677,"1,0.0,0.0,0.0,0.0,0.0,0.0","0.0,0.0,0.0,0.0,0.0,1,0.0"
1KNL,99,118,-60.0,"1,0.0,0.0",60.0,"0.0,0.0,1",-91.422,143.633,159.188,-62.831,123.473,"0.0,1,0.0",0.78,-0.068,4.999,2.622,0.494,124,124,-1.225,1.559,"0.0,1,0.0",0.531,0.877,1.177,2.731,8.606,"0.0,0.0,0.0,0.0,0.0,1,0.0","0.0,0.0,0.0,0.0,0.0,1,0.0"
1.00E+87,173,186,-60.0,"1,0.0,0.0",60.0,"0.0,0.0,1",-129.694,145.815,2.3,-57.51,-22.907,"0.0,1,0.0",0.117532051282,-0.912,3.765,7.675,-4.907,135,105,2.603,0.475,"0.0,1,0.0",0.117532051282,-0.128,2.103,5.544,2.956,"1,0.0,0.0,0.0,0.0,0.0,0.0","0.0,0.0,0.0,0.0,0.0,1,0.0"
1.00E+87,113,194,-60.0,"1,0.0,0.0",-60.0,"1,0.0,0.0",-59.662,-43.736,-45.943,-112.747,156.934,"1,0.0,0.0",0.117532051282,0.285,0.782,-5.523,-0.439,67,73,3.06,3.232,"1,0.0,0.0",0.117532051282,1.187,-3.63,0.273,2.527,"0.0,0.0,0.0,0.0,0.0,1,0.0","0.0,1,0.0,0.0,0.0,0.0,0.0"
1B88,23,90,180.0,"0.0,1,0.0",180.0,"0.0,1,0.0",-144.461,146.2,159.292,-107.395,134.731,"0.0,1,0.0",0.755,1.025,-1.161,2.803,5.86,96,73,0.47,-0.823,"0.0,1,0.0",-1.424,-0.973,-2.968,3.221,3.368,"0.0,1,0.0,0.0,0.0,0.0,0.0","0.0,1,0.0,0.0,0.0,0.0,0.0"
2Z3Q,35,85,-60.0,"1,0.0,0.0",-60.0,"1,0.0,0.0",-67.107,143.086,133.385,-83.074,118.369,"0.0,1,0.0",0.366,0.67,-0.228,-3.391,5.901,124,96,-2.116,-0.648,"0.0,1,0.0",-0.547,-0.134,-1.217,-2.2,7.247,"0.0,0.0,0.0,0.0,0.0,1,0.0","0.0,1,0.0,0.0,0.0,0.0,0.0"
1N0S,8,115,-60.0,"1,0.0,0.0",-60.0,"1,0.0,0.0",-60.733,143.467,164.202,-135.297,139.184,"0.0,0.0,1",-1.361,0.083,1.491,1.287,1.229,67,90,-0.291,-0.688,"0.0,0.0,1",0.568,0.422,0.311,4.167,1.583,"0.0,0.0,0.0,0.0,0.0,1,0.0","0.0,0.0,0.0,0.0,1,0.0,0.0"
1N0S,42,170,180.0,"0.0,1,0.0",60.0,"0.0,0.0,1",-153.992,88.647,25.471,-91.012,-1.783,"0.0,0.0,1",0.337,0.843,1.455,1.42243786982,4.856,135,48,-1.569,0.832,"0.0,0.0,1",0.154,-0.369,-1.757,2.493,-2.994,"1,0.0,0.0,0.0,0.0,0.0,0.0","1,0.0,0.0,1,0.0,0.0,0.0"
3EZM,8,22,-60.0,"1,0.0,0.0",-60.0,"1,0.0,0.0",-134.534,167.521,26.485,-115.262,150.762,"0.0,1,0.0",1.245,0.0683660130719,0.761,9.148,-1.652,93,141,-1.795,-1.647,"0.0,1,0.0",0.863,0.0683660130719,0.182,5.351,2.637,"0.0,1,0.0,0.0,0.0,0.0,0.0","0.0,0.0,0.0,0.0,0.0,0.0,1"
3EZM,58,73,-60.0,"1,0.0,0.0",-60.0,"1,0.0,0.0",-124.367,151.809,2.692,-116.757,147.977,"0.0,1,0.0",1.461,0.0683660130719,0.706,9.165,-3.167,93,148,-2.292,-2.253,"0.0,1,0.0",1.006,0.0683660130719,0.042,4.899,2.733,"0.0,1,0.0,0.0,0.0,0.0,0.0","1,0.0,0.0,0.0,0.0,0.0,0.0"
1BEB,106,119,-60.0,"1,0.0,0.0",-60.0,"1,0.0,0.0",-137.425,151.553,165.397,-123.583,154.217,"0.0,1,0.0",0.117532051282,1.19,-0.296,8.493,-0.464,135,124,-2.185,-1.272,"0.0,1,0.0",0.117532051282,1.036,-0.635,9.312,2.511,"0.0,0.0,0.0,0.0,0.0,0.0,1","0.0,0.0,0.0,0.0,0.0,0.0,1"
1TN3,77,176,-60.0,"1,0.0,0.0",-60.0,"1,0.0,0.0",-60.717,-50.868,-42.875,-95.265,151.224,"1,0.0,0.0",-0.396,0.093,0.527,-7.133,-3.115,91,124,3.53,3.867,"1,0.0,0.0",0.746,0.654,-3.797,-2.388,3.714,"1,0.0,0.0,0.0,0.0,0.0,0.0","0.0,0.0,0.0,0.0,0.0,1,0.0"
2E3W,26,84,-60.0,"1,0.0,0.0",-60.0,"1,0.0,0.0",-64.736,-44.206,-50.866,-115.993,124.032,"1,0.0,0.0",-0.692,-0.596,5.51,-1.229,-3.726,141,96,3.578,3.068,"1,0.0,0.0",1.348,0.186,-4.376,-2.302,4.295,"0.0,0.0,0.0,0.0,0.0,0.0,1","0.0,1,0.0,0.0,0.0,0.0,0.0"
1M8N,98,111,-60.0,"1,0.0,0.0",-60.0,"1,0.0,0.0",-126.643,160.52,54.195,-73.25,119.082,"0.0,0.0,1",0.521,-0.533,-1.216,8.068,-4.908,93,93,-1.019,-0.357,"0.0,0.0,1",0.301,-1.242,-0.242,-3.652,-2.321,"0.0,1,0.0,0.0,0.0,0.0,0.0","0.0,1,0.0,0.0,0.0,0.0,0.0"
1M8N,93,116,180.0,"0.0,1,0.0",60.0,"0.0,0.0,1",-65.035,136.936,25.943,-114.829,158.592,"0.0,1,0.0",0.497,-1.373,-1.536,-1.757,-1.137,48,73,0.991,-2.266,"0.0,1,0.0",0.417,-0.343,-0.986,6.123,-3.187,"1,0.0,0.0,1,0.0,0.0,0.0","0.0,1,0.0,0.0,0.0,0.0,0.0"
2VPF,26,68,180.0,"0.0,1,0.0",60.0,"0.0,0.0,1",-31.993,115.523,138.498,-85.888,113.662,"0.0,0.0,1",0.116,0.0683660130719,-0.069,-3.07,9.386,141,118,1.496,0.752,"0.0,0.0,1",0.096,0.0683660130719,-1.431,-5.088,4.256,"0.0,0.0,0.0,0.0,0.0,0.0,1","1,0.0,0.0,0.0,0.0,0.0,0.0"
2VPF,57,102,-60.0,"1,0.0,0.0",-60.0,"1,0.0,0.0",-56.789,139.208,147.318,-129.626,163.184,"0.0,1,0.0",-0.316,0.0683660130719,1.427,-1.235,7.462,148,48,-4.231,-0.661,"0.0,1,0.0",0.941,0.0683660130719,-1.772,7.64,3.282,"1,0.0,0.0,0.0,0.0,0.0,0.0","1,0.0,0.0,1,0.0,0.0,0.0"
2VPF,61,104,-60.0,"1,0.0,0.0",-60.0,"1,0.0,0.0",-101.503,-6.611,163.029,-93.122,117.034,"0.0,0.0,1",-0.064,0.0683660130719,-1.802,4.252,-1.802,86,96,-3.367,2.018,"0.0,0.0,1",0.664,0.0683660130719,1.319,5.288,2.231,"0.0,0.0,1,0.0,0.0,0.0,0.0","0.0,1,0.0,0.0,0.0,0.0,0.0"
1I1J,12,17,-60.0,"1,0.0,0.0",180.0,"0.0,1,0.0",-132.612,175.514,132.442,55.609,37.395,"0.0,1,0.0",0.44,0.0683660130719,-2.481,9.579,1.307,124,67,-1.852,1.513,"0.0,1,0.0",0.061,0.0683660130719,2.785,5.389,2.453,"0.0,0.0,0.0,0.0,0.0,1,0.0","0.0,0.0,0.0,0.0,0.0,1,0.0"
1EPF,22,77,180.0,"0.0,1,0.0",180.0,"0.0,1,0.0",-92.25,115.289,119.573,-107.747,109.251,"0.0,1,0.0",0.589,1.353,-2.424,0.338,9.513,124,114,-0.673,-1.976,"0.0,1,0.0",-0.105,0.7,-3.353,3.029,6.563,"0.0,0.0,0.0,0.0,0.0,1,0.0","0.0,1,0.0,0.0,0.0,0.0,0.0"
1OB1,133,193,180.0,"0.0,1,0.0",180.0,"0.0,1,0.0",-74.698,152.842,-1.767,-115.463,155.468,"0.0,0.0,1",-0.223,-0.439,-2.708,-4.163,-0.636,48,91,-0.692,1.759,"0.0,0.0,1",0.893,0.299,-3.744,-0.135,1.12,"1,0.0,0.0,1,0.0,0.0,0.0","1,0.0,0.0,0.0,0.0,0.0,0.0"
1UV0,120,137,-60.0,"1,0.0,0.0",60.0,"0.0,0.0,1",-132.573,160.406,16.022,-51.06,-30.747,"0.0,1,0.0",0.454,0.224,3.483,6.633,0.812,118,67,-1.474,-0.911,"0.0,1,0.0",-0.194,0.279,1.108,4.254,5.4,"1,0.0,0.0,0.0,0.0,0.0,0.0","0.0,0.0,0.0,0.0,0.0,1,0.0"
1UV0,42,145,-60.0,"1,0.0,0.0",-60.0,"1,0.0,0.0",-63.216,-33.504,-41.849,-105.348,147.867,"1,0.0,0.0",-0.366,0.165,-1.139,-6.571,0.997,67,114,2.454,1.173,"1,0.0,0.0",0.896,0.842,-4.277,-2.458,2.337,"0.0,0.0,0.0,0.0,0.0,1,0.0","0.0,1,0.0,0.0,0.0,0.0,0.0"
3RN3,65,72,-60.0,"1,0.0,0.0",-60.0,"1,0.0,0.0",-72.791,161.999,141.635,-100.446,151.488,"0.0,0.0,1",-0.046,0.381,-3.857,0.446,3.221,67,135,-0.286,3.246,"0.0,0.0,1",1.187,-1.555,3.034,5.22,-3.476,"0.0,0.0,0.0,0.0,0.0,1,0.0","1,0.0,0.0,0.0,0.0,0.0,0.0"
3RN3,26,84,-60.0,"1,0.0,0.0",-60.0,"1,0.0,0.0",-61.619,-46.381,-51.973,-116.452,119.94,"1,0.0,0.0",-0.652,-0.586,5.41,-0.576,-3.334,141,96,3.478,2.868,"1,0.0,0.0",1.348,0.166,-4.576,-1.449,4.587,"0.0,0.0,0.0,0.0,0.0,0.0,1","0.0,1,0.0,0.0,0.0,0.0,0.0"
3RN3,40,95,-60.0,"1,0.0,0.0",-60.0,"1,0.0,0.0",-82.378,110.388,168.348,-69.777,137.03,"0.0,0.0,1",0.12,0.708,-3.349,-3.799,-0.181,148,135,-2.079,0.654,"0.0,0.0,1",0.285,-0.625,-2.249,-1.202,3.754,"1,0.0,0.0,0.0,0.0,0.0,0.0","1,0.0,0.0,0.0,0.0,0.0,0.0"
2FX5,34,96,-60.0,"1,0.0,0.0",-60.0,"1,0.0,0.0",-123.524,140.493,59.738,-69.701,-37.153,"0.0,1,0.0",0.117532051282,-1.108,-1.612,4.797,-2.461,73,148,-0.096,-1.343,"0.0,1,0.0",0.117532051282,-0.797,2.538,0.379,-1.395,"0.0,1,0.0,0.0,0.0,0.0,0.0","1,0.0,0.0,0.0,0.0,0.0,0.0"
1VAP,57,81,60.0,"0.0,0.0,1",-60.0,"1,0.0,0.0",-165.65,169.01,7.506,-68.542,-43.864,"0.0,0.0,1",0.261,-0.722,1.231,-4.168,-4.485,48,96,0.534,-1.375,"0.0,0.0,1",-0.246,-0.635,5.629,-0.514,2.779,"1,0.0,0.0,1,0.0,0.0,0.0","0.0,1,0.0,0.0,0.0,0.0,0.0"
1VAP,75,86,-60.0,"1,0.0,0.0",-60.0,"1,0.0,0.0",-92.381,111.102,128.871,-56.811,-45.522,"0.0,1,0.0",0.256,0.559,0.492,-0.008,8.222,105,48,-0.699,-0.521,"0.0,1,0.0",-1.95,-1.169,4.601,-1.663,-0.966,"0.0,0.0,0.0,0.0,0.0,1,0.0","1,0.0,0.0,1,0.0,0.0,0.0"
1VAP,50,88,180.0,"0.0,1,0.0",-60.0,"1,0.0,0.0",-58.193,-47.367,-43.185,-62.431,-54.438,"1,0.0,0.0",-0.627,0.13,6.001,-3.968,3.63,86,141,2.294,0.679,"1,0.0,0.0",-0.026,-0.178,0.418,-4.342,-0.266,"0.0,0.0,1,0.0,0.0,0.0,0.0","0.0,0.0,0.0,0.0,0.0,0.0,1"
1VAP,43,95,-60.0,"1,0.0,0.0",-60.0,"1,0.0,0.0",-56.831,-43.546,-33.886,-63.269,-38.613,"1,0.0,0.0",-0.341,0.138,1.513,-3.39,1.468,148,86,4.421,3.634,"1,0.0,0.0",-0.443,-0.596,5.368,-4.898,0.869,"1,0.0,0.0,0.0,0.0,0.0,0.0","0.0,0.0,1,0.0,0.0,0.0,0.0"
